<?xml version="1.0" encoding="UTF-8"?>
<jdbcDataSource exportedWithPermissions="true">
    <folder>/datasources</folder>
    <name>OACB</name>
    <version>0</version>
    <label>OACB</label>
    <creationDate>2023-12-05T10:43:55.361+04:00</creationDate>
    <updateDate>2023-12-05T10:43:55.361+04:00</updateDate>
    <driver>org.postgresql.Driver</driver>
    <connectionUrl>jdbc:postgresql://192.168.84.23:5432/postgres</connectionUrl>
    <connectionUser>root</connectionUser>
    <connectionPassword>ENC&lt;4A52534956000000104D4ED760408F07C115353BFE8940FB1B375C2AD435DFE4340C4E52A93CF0CCEF&gt;</connectionPassword>
    <timezone></timezone>
</jdbcDataSource>
