<?xml version="1.0" encoding="UTF-8"?>
<jdbcDataSource exportedWithPermissions="true">
    <folder>/datasources</folder>
    <name>VCS</name>
    <version>0</version>
    <label>VCS</label>
    <creationDate>2023-11-29T10:09:11.697+04:00</creationDate>
    <updateDate>2023-11-29T10:09:11.697+04:00</updateDate>
    <permission>
        <permissionMask>1</permissionMask>
        <recipient recipientType="role">ROLE_USER</recipient>
    </permission>
    <driver>org.postgresql.Driver</driver>
    <connectionUrl>jdbc:postgresql://192.168.84.142:5432/postgres</connectionUrl>
    <connectionUser>postgres</connectionUser>
    <connectionPassword>ENC&lt;4A52534956000000104739EC38EC7B3460946B64DBB4CDCAC3DE7930333AD640A53E45CEC8D8097CFE&gt;</connectionPassword>
    <timezone></timezone>
</jdbcDataSource>
