<?xml version="1.0" encoding="UTF-8"?>
<inputControl exportedWithPermissions="true">
    <folder>/Input_Control</folder>
    <name>Cause_No</name>
    <version>0</version>
    <label>Cause_No</label>
    <description></description>
    <creationDate>2023-12-05T15:44:04.643+04:00</creationDate>
    <updateDate>2023-12-05T15:44:04.643+04:00</updateDate>
    <type>4</type>
    <mandatory>false</mandatory>
    <readOnly>false</readOnly>
    <visible>true</visible>
    <query>
        <localResource
            xmlns:xsi="http://www.w3.org/2001/XMLSchema-instance"
            exportedWithPermissions="false" xsi:type="query">
            <folder>/Input_Control/Cause_No_files</folder>
            <name>Cause_No</name>
            <version>0</version>
            <label>Cause_No</label>
            <description></description>
            <creationDate>2023-12-05T15:44:04.643+04:00</creationDate>
            <updateDate>2023-12-05T15:44:04.643+04:00</updateDate>
            <language>sql</language>
            <queryString>select distinct ca_cause_no from case_brief.cb_application_hdr</queryString>
            <dataSource>
                <uri>/datasources/OACB</uri>
            </dataSource>
        </localResource>
    </query>
    <queryVisibleColumn>ca_cause_no</queryVisibleColumn>
    <queryValueColumn>ca_cause_no</queryValueColumn>
</inputControl>
