<?xml version="1.0" encoding="UTF-8"?>
<inputControl exportedWithPermissions="true">
    <folder>/Input_Control</folder>
    <name>SLO</name>
    <version>0</version>
    <label>SLO</label>
    <description></description>
    <creationDate>2023-12-05T11:11:23.609+04:00</creationDate>
    <updateDate>2023-12-05T11:11:23.609+04:00</updateDate>
    <type>4</type>
    <mandatory>false</mandatory>
    <readOnly>false</readOnly>
    <visible>true</visible>
    <query>
        <localResource
            xmlns:xsi="http://www.w3.org/2001/XMLSchema-instance"
            exportedWithPermissions="false" xsi:type="query">
            <folder>/Input_Control/SLO_files</folder>
            <name>SLO</name>
            <version>0</version>
            <label>SLO</label>
            <description></description>
            <creationDate>2023-12-05T11:11:23.609+04:00</creationDate>
            <updateDate>2023-12-05T11:11:23.609+04:00</updateDate>
            <language>sql</language>
            <queryString>select distinct cas_user_name from case_brief.cb_application_slo</queryString>
            <dataSource>
                <uri>/datasources/OACB</uri>
            </dataSource>
        </localResource>
    </query>
    <queryVisibleColumn>cas_user_name</queryVisibleColumn>
    <queryValueColumn>cas_user_name</queryValueColumn>
</inputControl>
