<?xml version="1.0" encoding="UTF-8"?>
<inputControl exportedWithPermissions="true">
    <folder>/Input_Control</folder>
    <name>UserName</name>
    <version>1</version>
    <label>UserName</label>
    <description></description>
    <creationDate>2023-12-05T12:07:19.656+04:00</creationDate>
    <updateDate>2024-02-15T21:35:46.730+04:00</updateDate>
    <type>4</type>
    <mandatory>false</mandatory>
    <readOnly>false</readOnly>
    <visible>true</visible>
    <query>
        <localResource
            xmlns:xsi="http://www.w3.org/2001/XMLSchema-instance"
            exportedWithPermissions="false" xsi:type="query">
            <folder>/Input_Control/UserName_files</folder>
            <name>UserName</name>
            <version>1</version>
            <label>UserName</label>
            <description></description>
            <creationDate>2023-12-05T12:07:19.656+04:00</creationDate>
            <updateDate>2023-12-05T12:07:19.656+04:00</updateDate>
            <language>sql</language>
            <queryString>select distinct applicant_name from case_brief.cb_application_hdr 
</queryString>
            <dataSource>
                <uri>/datasources/OACB</uri>
            </dataSource>
        </localResource>
    </query>
    <queryVisibleColumn>applicant_name</queryVisibleColumn>
    <queryValueColumn>applicant_name</queryValueColumn>
</inputControl>
