<?xml version="1.0" encoding="UTF-8"?>
<inputControl exportedWithPermissions="true">
    <folder>/Input_Control</folder>
    <name>VCR_No</name>
    <version>3</version>
    <label>VCR_No</label>
    <description></description>
    <creationDate>2023-11-30T09:05:53.145+04:00</creationDate>
    <updateDate>2023-11-30T09:12:05.703+04:00</updateDate>
    <type>4</type>
    <mandatory>false</mandatory>
    <readOnly>false</readOnly>
    <visible>true</visible>
    <query>
        <localResource
            xmlns:xsi="http://www.w3.org/2001/XMLSchema-instance"
            exportedWithPermissions="false" xsi:type="query">
            <folder>/Input_Control/VCR_No_files</folder>
            <name>VCR_No</name>
            <version>2</version>
            <label>VCR_No</label>
            <description></description>
            <creationDate>2023-11-30T09:05:53.145+04:00</creationDate>
            <updateDate>2023-11-30T09:05:53.145+04:00</updateDate>
            <language>sql</language>
            <queryString>select distinct vcr_number from vessel_clearance_application</queryString>
            <dataSource>
                <uri>/datasources/VCS</uri>
            </dataSource>
        </localResource>
    </query>
    <queryVisibleColumn>vcr_number</queryVisibleColumn>
    <queryValueColumn>vcr_number</queryValueColumn>
</inputControl>
