<?xml version="1.0" encoding="UTF-8"?>
<inputControl exportedWithPermissions="true">
    <folder>/Input_Control</folder>
    <name>Voyage_No</name>
    <version>7</version>
    <label>Voyage_No</label>
    <description></description>
    <creationDate>2023-11-29T10:26:54.442+04:00</creationDate>
    <updateDate>2024-02-15T23:05:41.360+04:00</updateDate>
    <type>4</type>
    <mandatory>false</mandatory>
    <readOnly>false</readOnly>
    <visible>true</visible>
    <query>
        <localResource
            xmlns:xsi="http://www.w3.org/2001/XMLSchema-instance"
            exportedWithPermissions="false" xsi:type="query">
            <folder>/Input_Control/Voyage_No_files</folder>
            <name>Voyage_No</name>
            <version>5</version>
            <label>Voyage_No</label>
            <description></description>
            <creationDate>2024-02-05T14:29:26.286+04:00</creationDate>
            <updateDate>2024-02-05T14:29:26.286+04:00</updateDate>
            <language>sql</language>
            <queryString>select distinct v.inbound_voyage_number as "inbound_voyage_number" 
from vessel_clearance_application vca 
join voyage v on vca.voyage_id=v.id 
join ship s on v.ship_id=s.id 
where vca.status not in ('DRAFT','AMENDED') and s.ship_name=$P{Vessel_Name}</queryString>
            <dataSource>
                <uri>/datasources/VCS</uri>
            </dataSource>
        </localResource>
    </query>
    <queryVisibleColumn>inbound_voyage_number</queryVisibleColumn>
    <queryValueColumn>inbound_voyage_number</queryValueColumn>
</inputControl>
