<?xml version="1.0" encoding="UTF-8"?>
<export><property name="keyalias" value="d0560fb3-39b6-475e-a01f-c4705e6be21e"/><module id="tenants"><organization>organizations</organization></module><module id="authority"><user>LVDTESTUSER</user><user>MAIFSUSER</user><user>MBETESTUSER</user><user>MPATESTUSER</user><user>MRATESTUSER</user><user>MSDTESTUSER</user><user>VCSTESTUSER</user></module><module id="repositoryResources"><folder>/</folder></module><module id="favorites"/><property name="pathProcessorId" value="zip"/><property name="rootTenantId" value="organizations"/><property name="jsVersion" value="8.1.0 CE"/><property name="encrypted" value="4A525349560000001008B1AC6A579A9187224626D3320265C7B00BF2044EA1B1D29B268431BD67AF74"/></export>