<?xml version="1.0" encoding="UTF-8"?>
<folder exportedWithPermissions="true">
    <parent>/</parent>
    <name>analysis</name>
    <label>Analysis Components</label>
    <description>Analysis Components</description>
    <creationDate>2023-10-23T16:34:36.865+04:00</creationDate>
    <updateDate>2022-12-03T00:11:18.745+04:00</updateDate>
    <folder>reports</folder>
    <permission>
        <permissionMask>32</permissionMask>
        <recipient recipientType="role">ROLE_USER</recipient>
    </permission>
</folder>
