<?xml version="1.0" encoding="UTF-8"?>
<jdbcDataSource exportedWithPermissions="true">
    <folder>/datasources</folder>
    <name>OACB</name>
    <version>0</version>
    <label>OACB</label>
    <creationDate>2023-12-05T10:43:55.361+04:00</creationDate>
    <updateDate>2023-12-05T10:43:55.361+04:00</updateDate>
    <driver>org.postgresql.Driver</driver>
    <connectionUrl>jdbc:postgresql://192.168.84.23:5432/postgres</connectionUrl>
    <connectionUser>root</connectionUser>
    <connectionPassword>ENC&lt;4A5253495600000010C63E187A7191548FA61EC970B14815BAD83A9AFA3EE19647D5E4FEBEA420754F&gt;</connectionPassword>
    <timezone></timezone>
</jdbcDataSource>
