<?xml version="1.0" encoding="UTF-8"?>
<inputControl exportedWithPermissions="true">
    <folder>/Input_Control</folder>
    <name>Case_Type</name>
    <version>0</version>
    <label>Case_Type</label>
    <description></description>
    <creationDate>2023-12-05T10:45:51.380+04:00</creationDate>
    <updateDate>2023-12-05T10:45:51.380+04:00</updateDate>
    <type>7</type>
    <mandatory>false</mandatory>
    <readOnly>false</readOnly>
    <visible>true</visible>
    <query>
        <localResource
            xmlns:xsi="http://www.w3.org/2001/XMLSchema-instance"
            exportedWithPermissions="false" xsi:type="query">
            <folder>/Input_Control/Case_Type_files</folder>
            <name>Case_Type</name>
            <version>0</version>
            <label>Case_Type</label>
            <description></description>
            <creationDate>2023-12-05T10:45:51.380+04:00</creationDate>
            <updateDate>2023-12-05T10:45:51.380+04:00</updateDate>
            <language>sql</language>
            <queryString>select distinct ca_case_type from case_brief.cb_application_hdr</queryString>
            <dataSource>
                <uri>/datasources/OACB</uri>
            </dataSource>
        </localResource>
    </query>
    <queryVisibleColumn>ca_case_type</queryVisibleColumn>
    <queryValueColumn>ca_case_type</queryValueColumn>
</inputControl>
