<?xml version="1.0" encoding="UTF-8"?>
<inputControl exportedWithPermissions="true">
    <folder>/Input_Control</folder>
    <name>ETA</name>
    <version>4</version>
    <label>ETA</label>
    <description></description>
    <creationDate>2023-11-29T10:30:02.239+04:00</creationDate>
    <updateDate>2024-02-06T16:38:06.545+04:00</updateDate>
    <type>4</type>
    <mandatory>false</mandatory>
    <readOnly>false</readOnly>
    <visible>true</visible>
    <query>
        <localResource
            xmlns:xsi="http://www.w3.org/2001/XMLSchema-instance"
            exportedWithPermissions="false" xsi:type="query">
            <folder>/Input_Control/ETA_files</folder>
            <name>ETA</name>
            <version>3</version>
            <label>ETA</label>
            <description></description>
            <creationDate>2024-02-05T14:31:08.168+04:00</creationDate>
            <updateDate>2024-02-05T14:31:08.168+04:00</updateDate>
            <language>sql</language>
            <queryString>select distinct voyage.expected_arrival_date_time from voyage voyage
join ship ship on ship.id=voyage.ship_id
where ship.ship_name=$P{Vessel_Name} and voyage.inbound_voyage_number=$P{Voyage_No}</queryString>
            <dataSource>
                <uri>/datasources/VCS</uri>
            </dataSource>
        </localResource>
    </query>
    <queryVisibleColumn>expected_arrival_date_time</queryVisibleColumn>
    <queryValueColumn>expected_arrival_date_time</queryValueColumn>
</inputControl>
