<?xml version="1.0" encoding="UTF-8"?>
<inputControl exportedWithPermissions="true">
    <folder>/Input_Control</folder>
    <name>Offence</name>
    <version>3</version>
    <label>Offence</label>
    <description></description>
    <creationDate>2024-02-13T12:06:52.256+04:00</creationDate>
    <updateDate>2024-02-13T12:10:32.614+04:00</updateDate>
    <type>4</type>
    <mandatory>false</mandatory>
    <readOnly>false</readOnly>
    <visible>true</visible>
    <query>
        <localResource
            xmlns:xsi="http://www.w3.org/2001/XMLSchema-instance"
            exportedWithPermissions="false" xsi:type="query">
            <folder>/Input_Control/Offence_files</folder>
            <name>Offence</name>
            <version>1</version>
            <label>Offence</label>
            <description></description>
            <creationDate>2024-02-13T12:06:52.256+04:00</creationDate>
            <updateDate>2024-02-13T12:06:52.256+04:00</updateDate>
            <language>sql</language>
            <queryString>select distinct unnest(cad_offences) as "Offence" from case_brief.cb_application_document</queryString>
            <dataSource>
                <uri>/datasources/OACB</uri>
            </dataSource>
        </localResource>
    </query>
    <queryVisibleColumn>Offence</queryVisibleColumn>
    <queryValueColumn>Offence</queryValueColumn>
</inputControl>
