<?xml version="1.0" encoding="UTF-8"?>
<inputControl exportedWithPermissions="true">
    <folder>/Input_Control</folder>
    <name>Vessel_Name</name>
    <version>1</version>
    <label>Vessel_Name</label>
    <description></description>
    <creationDate>2023-11-29T10:28:26.388+04:00</creationDate>
    <updateDate>2024-02-05T14:24:25.907+04:00</updateDate>
    <type>4</type>
    <mandatory>false</mandatory>
    <readOnly>false</readOnly>
    <visible>true</visible>
    <query>
        <localResource
            xmlns:xsi="http://www.w3.org/2001/XMLSchema-instance"
            exportedWithPermissions="false" xsi:type="query">
            <folder>/Input_Control/Vessel_Name_files</folder>
            <name>Vessel_Name</name>
            <version>1</version>
            <label>Vessel_Name</label>
            <description></description>
            <creationDate>2024-02-05T14:24:25.907+04:00</creationDate>
            <updateDate>2024-02-05T14:24:25.907+04:00</updateDate>
            <language>sql</language>
            <queryString>select distinct ship_name from ship</queryString>
            <dataSource>
                <uri>/datasources/VCS</uri>
            </dataSource>
        </localResource>
    </query>
    <queryVisibleColumn>ship_name</queryVisibleColumn>
    <queryValueColumn>ship_name</queryValueColumn>
</inputControl>
