<?xml version="1.0" encoding="UTF-8"?>
<mondrianConnection exportedWithPermissions="true">
    <folder>/analysis/connections</folder>
    <name>Foodmart</name>
    <version>0</version>
    <label>Foodmart</label>
    <description>Foodmart Mondrian Analysis Connection</description>
    <creationDate>2023-10-23T16:34:37.734+04:00</creationDate>
    <updateDate>2022-12-03T00:11:19.623+04:00</updateDate>
    <schema>
        <uri>/analysis/schemas/FoodmartSchema</uri>
    </schema>
    <dataSource>
        <uri>/analysis/datasources/FoodmartDataSourceJNDI</uri>
    </dataSource>
</mondrianConnection>
